{"stat.useItem.minecraft.command_block":210,"stat.useItem.minecraft.bow":27,"stat.walkOneCm":354351,"stat.useItem.minecraft.stone":882,"stat.useItem.minecraft.repeater":53,"stat.leaveGame":8,"stat.useItem.minecraft.comparator":31,"stat.useItem.minecraft.heavy_weighted_pressure_plate":3,"stat.useItem.minecraft.diamond_sword":1,"stat.useItem.minecraft.bedrock":1114,"stat.jump":1612,"stat.fallOneCm":3924,"stat.useItem.minecraft.redstone":93,"stat.crouchOneCm":30965,"stat.useItem.minecraft.redstone_torch":24,"stat.useItem.minecraft.stone_button":13,"stat.sprintOneCm":165577,"stat.useItem.minecraft.diamond_block":4,"stat.useItem.minecraft.light_weighted_pressure_plate":3,"achievement.exploreAllBiomes":{"value":0,"progress":["Plains"]},"stat.useItem.minecraft.fence":91,"stat.useItem.minecraft.glass":44,"stat.useItem.minecraft.redstone_lamp":102,"achievement.openInventory":252,"stat.mineBlock.minecraft.stonebrick":213,"stat.useItem.minecraft.barrier":39,"stat.damageTaken":2500,"stat.useItem.minecraft.diamond_pickaxe":153,"stat.mobKills":1,"stat.useItem.minecraft.stonebrick":28,"stat.useItem.minecraft.golden_apple":3,"stat.flyOneCm":1085729,"stat.deaths":22,"stat.useItem.minecraft.ender_pearl":11,"stat.drop":10,"stat.playOneMinute":217104,"stat.killEntity.Villager":1,"stat.damageDealt":285,"stat.useItem.minecraft.wool":130,"stat.timeSinceDeath":15838,"stat.useItem.minecraft.sign":11,"stat.useItem.minecraft.iron_pickaxe":60,"stat.useItem.minecraft.spawn_egg":1,"stat.useItem.minecraft.fishing_rod":38}